<data>
    <country name="Liechtenstein">
        <rank>2</rank>
        <year>2008</year>
        <gdppc>141100</gdppc>
        <neighbor direction="E" name="Austria" />
        <neighbor direction="W" name="Switzerland" />
    </country>
    <country name="Pakistan">
		<rank>1</rank>
		<year>2008</year>
		<gdppc>141100</gdppc>
		<neighbor direction="E" name="Sri Lanka" />
	</country><country name="India">
        <rank>5</rank>
        <year>2011</year>
        <gdppc>59900</gdppc>
        <neighbor direction="N" name="Malaysia" />
    </country>
    </data>